date,pm25,pm10,no2,so2,co,o3,temp,humidity,wind
2023-01-01,76.82,95.39,37.46,12.07,0.873,34.7,22.27,47.7,7.53
2023-01-02,69.59,79.58,35.65,8.6,0.973,38.0,28.17,46.1,7.4
2023-01-03,76.23,93.5,37.45,13.65,1.031,42.89,19.29,40.8,8.97
2023-01-04,83.59,106.33,51.28,10.84,1.132,38.27,24.94,39.6,6.19
2023-01-05,69.88,75.22,39.38,15.24,1.107,33.92,22.66,50.7,6.54
2023-01-06,70.24,81.48,39.71,13.67,0.85,37.95,24.74,43.3,8.68
2023-01-07,87.59,107.64,47.05,11.49,0.957,34.17,24.26,49.0,6.7
2023-01-08,81.45,96.91,41.56,14.63,0.881,33.37,22.1,40.3,8.47
2023-01-09,69.4,84.57,36.06,11.61,0.924,31.05,24.2,47.5,9.4
2023-01-10,77.85,91.07,38.48,13.6,1.036,41.0,20.21,55.0,6.85
2023-01-11,70.15,84.48,37.18,12.48,1.049,28.81,25.31,49.7,8.13
2023-01-12,70.48,84.03,37.43,9.83,0.945,40.61,24.88,42.4,5.9
2023-01-13,76.49,96.25,42.76,10.54,0.95,35.74,25.73,46.8,8.16
2023-01-14,62.09,75.3,35.78,13.16,0.926,25.66,26.75,43.0,7.47
2023-01-15,63.94,77.8,39.65,10.53,0.836,34.6,25.54,44.4,7.77
2023-01-16,71.08,83.83,37.37,10.75,1.164,22.6,25.27,41.8,6.4
2023-01-17,67.82,79.73,37.35,9.48,0.778,36.11,23.37,42.7,5.15
2023-01-18,78.77,92.82,29.7,12.79,1.012,37.93,23.88,45.0,7.72
2023-01-19,69.33,84.56,41.91,15.59,1.149,30.15,27.84,36.3,4.61
2023-01-20,65.63,77.37,38.14,9.15,0.929,33.59,28.5,35.9,6.68
2023-01-21,91.48,111.11,47.86,12.62,1.038,43.94,25.31,33.0,8.16
2023-01-22,78.28,102.06,25.09,14.74,0.956,31.07,26.03,31.2,7.23
2023-01-23,78.46,97.57,50.06,11.76,0.974,28.33,24.28,33.6,9.31
2023-01-24,66.85,79.12,36.01,12.25,1.072,40.52,28.59,43.0,8.17
2023-01-25,74.21,93.51,44.09,9.59,0.75,43.29,27.72,35.4,6.13
2023-01-26,79.77,94.1,34.74,12.85,1.152,33.78,30.42,45.0,6.91
2023-01-27,70.0,76.86,40.56,11.13,0.808,38.38,24.93,41.4,6.79
2023-01-28,85.03,97.75,35.99,14.22,0.998,40.76,26.07,27.1,4.92
2023-01-29,77.53,85.78,36.26,14.25,0.945,30.01,27.43,45.2,5.66
2023-01-30,77.81,92.01,49.02,17.07,1.048,31.32,28.39,46.1,6.08
2023-01-31,75.64,90.84,37.96,12.94,0.818,39.82,26.8,33.2,4.28
2023-02-01,95.57,122.7,44.98,13.43,1.124,43.07,25.62,42.9,6.75
2023-02-02,80.95,98.46,44.59,12.44,1.207,36.77,29.25,33.7,6.36
2023-02-03,72.89,86.67,40.7,10.94,0.828,29.17,29.06,40.2,4.62
2023-02-04,90.73,112.64,43.43,13.21,1.073,44.4,25.91,30.4,7.08
2023-02-05,74.67,81.35,40.49,11.14,0.907,31.03,30.57,26.5,7.42
2023-02-06,83.9,101.67,52.99,12.53,1.062,32.47,30.31,36.2,6.8
2023-02-07,66.84,82.78,36.42,13.98,0.936,35.02,28.36,37.8,6.11
2023-02-08,72.17,81.27,39.05,9.6,0.897,41.36,28.36,35.7,7.17
2023-02-09,84.65,106.42,46.41,14.51,1.072,38.48,29.41,30.0,7.24
2023-02-10,89.25,108.61,47.84,15.1,1.227,36.52,26.69,35.3,6.76
2023-02-11,87.48,103.16,47.81,12.14,1.018,36.68,28.57,39.8,5.37
2023-02-12,85.45,105.25,44.56,8.03,1.099,34.49,24.3,37.4,6.66
2023-02-13,81.73,107.36,34.72,10.87,0.879,36.88,30.46,38.8,7.73
2023-02-14,72.57,87.74,46.31,14.22,0.867,20.98,25.67,32.7,5.54
2023-02-15,78.89,95.65,33.99,11.9,1.042,32.46,31.89,45.4,8.74
2023-02-16,81.21,95.59,41.82,10.06,1.154,35.27,28.31,28.9,5.56
2023-02-17,93.6,108.34,39.63,11.67,1.104,28.92,28.63,40.3,6.19
2023-02-18,90.63,112.52,42.34,14.21,1.022,36.46,27.88,45.1,5.31
2023-02-19,74.02,85.65,40.15,12.79,0.97,32.67,28.63,40.0,6.35
2023-02-20,88.44,106.45,43.72,11.94,0.917,43.18,32.12,35.1,3.96
2023-02-21,83.0,97.62,42.86,11.42,1.075,41.99,24.37,32.7,5.36
2023-02-22,80.89,99.0,48.29,11.26,1.093,31.68,31.97,43.5,4.67
2023-02-23,91.41,111.22,45.12,10.73,1.012,33.77,30.15,26.2,6.11
2023-02-24,94.98,118.9,42.52,15.98,1.028,34.32,27.12,29.2,7.11
2023-02-25,96.89,113.8,49.04,12.2,1.111,32.51,27.44,33.1,6.65
2023-02-26,82.93,98.4,46.68,14.58,0.971,35.04,32.99,44.5,3.0
2023-02-27,84.87,97.69,35.08,15.29,1.018,30.36,27.8,38.4,8.26
2023-02-28,90.18,106.22,45.53,14.51,1.261,28.74,27.43,28.9,6.13
2023-03-01,95.53,116.43,47.39,11.91,1.053,37.74,32.05,33.4,4.81
2023-03-02,84.07,104.07,39.53,13.01,0.985,37.2,30.49,31.2,5.9
2023-03-03,86.6,99.93,48.53,12.28,0.968,30.14,27.97,30.4,5.89
2023-03-04,81.91,101.85,39.73,10.29,1.084,38.39,30.31,42.2,4.84
2023-03-05,81.35,103.14,40.97,12.72,0.989,30.71,27.86,25.7,5.84
2023-03-06,95.09,116.07,42.91,10.4,1.01,35.76,32.13,46.5,4.84
2023-03-07,99.59,128.86,44.98,15.36,1.23,38.78,32.07,41.0,5.05
2023-03-08,88.32,102.57,36.6,11.49,1.184,33.95,31.03,42.8,4.68
2023-03-09,97.07,110.44,37.07,13.26,1.025,36.77,30.7,31.9,3.75
2023-03-10,92.07,102.3,50.99,13.17,0.874,31.65,33.51,34.0,5.61
2023-03-11,86.66,110.47,37.43,11.81,1.134,32.97,30.0,25.0,6.11
2023-03-12,94.84,116.91,38.75,13.92,1.006,33.27,27.64,31.3,5.99
2023-03-13,101.87,121.97,34.7,12.14,1.188,30.84,30.9,38.5,6.33
2023-03-14,89.4,108.53,39.16,14.21,0.85,33.1,34.17,44.1,5.7
2023-03-15,102.32,117.02,38.96,10.42,1.201,26.77,27.96,27.3,4.64
2023-03-16,68.95,91.17,45.45,11.7,0.824,30.56,29.25,32.4,6.25
2023-03-17,96.59,116.53,49.2,16.71,1.156,32.76,30.79,34.0,3.58
2023-03-18,93.3,112.47,39.88,10.66,1.068,32.72,29.83,25.3,4.1
2023-03-19,90.3,111.64,53.84,11.16,0.956,32.62,27.95,39.2,3.99
2023-03-20,91.01,111.41,47.66,13.58,1.014,33.51,32.14,30.0,6.42
2023-03-21,74.46,90.18,36.99,12.08,1.041,35.49,34.5,33.7,6.22
2023-03-22,88.67,102.9,29.67,13.13,1.054,38.01,30.22,32.0,5.64
2023-03-23,93.36,114.23,54.79,13.65,1.125,30.53,27.99,29.7,6.31
2023-03-24,102.38,132.49,38.65,14.39,1.31,28.08,26.66,35.2,3.94
2023-03-25,88.97,112.75,34.02,14.67,0.888,28.3,30.23,33.8,5.39
2023-03-26,86.7,110.94,46.79,13.15,1.195,30.94,31.87,32.8,4.79
2023-03-27,86.69,101.82,53.87,11.85,1.044,31.57,30.57,30.3,5.93
2023-03-28,98.07,112.83,51.44,14.25,1.0,29.86,29.56,37.8,4.74
2023-03-29,93.41,111.5,46.17,16.47,0.934,27.0,28.33,47.2,4.39
2023-03-30,86.56,104.12,44.61,12.06,1.014,30.9,27.26,36.7,5.47
2023-03-31,94.93,119.11,48.0,10.8,1.167,34.33,31.05,42.8,5.85
2023-04-01,94.11,104.97,47.32,14.92,1.058,36.32,31.14,26.1,3.97
2023-04-02,101.09,129.04,46.68,12.81,1.257,30.74,26.15,37.1,4.67
2023-04-03,85.23,101.6,41.83,7.92,0.881,30.86,32.35,28.4,3.45
2023-04-04,88.22,103.98,41.74,14.11,1.04,28.33,30.24,25.9,1.69
2023-04-05,87.69,100.79,38.15,11.31,0.913,32.74,31.81,31.1,4.9
2023-04-06,79.11,88.38,38.37,11.77,1.032,28.32,26.24,44.8,5.37
2023-04-07,93.16,115.63,34.83,13.32,1.154,35.82,26.11,43.2,4.93
2023-04-08,95.35,114.77,43.35,13.15,1.035,24.03,28.45,38.4,2.25
2023-04-09,93.27,105.91,38.38,14.08,0.806,31.03,29.66,26.1,4.14
2023-04-10,88.82,100.83,36.69,11.57,1.064,34.14,32.15,35.6,1.88
2023-04-11,79.32,93.86,40.73,12.99,1.04,33.22,29.87,39.3,6.16
2023-04-12,87.23,111.96,48.77,11.84,1.077,45.93,27.87,38.5,3.19
2023-04-13,87.8,104.22,46.54,13.87,1.163,34.17,26.2,24.6,5.98
2023-04-14,84.06,94.55,33.16,13.43,0.913,27.23,30.6,31.4,5.59
2023-04-15,91.62,108.81,37.96,10.71,1.126,31.91,26.1,37.4,3.35
2023-04-16,96.07,113.97,48.72,14.98,1.2,23.55,31.17,41.8,3.05
2023-04-17,105.34,112.21,41.42,12.2,0.949,32.19,27.23,22.8,4.81
2023-04-18,91.56,109.63,41.77,14.19,1.09,28.02,30.86,37.2,3.35
2023-04-19,92.14,109.5,45.78,13.34,1.01,36.7,28.91,39.6,4.47
2023-04-20,89.38,110.37,37.5,16.15,1.039,29.25,27.15,44.7,3.75
2023-04-21,74.53,96.32,39.16,11.28,1.007,31.02,26.26,43.8,2.17
2023-04-22,92.06,115.65,36.34,11.9,1.012,28.73,26.48,43.3,1.61
2023-04-23,92.64,109.92,40.15,12.59,0.996,40.54,27.89,33.8,4.55
2023-04-24,109.24,125.04,48.91,12.86,1.15,30.49,27.05,26.3,3.58
2023-04-25,87.87,116.75,34.0,13.99,0.931,40.78,25.57,37.1,3.58
2023-04-26,91.69,110.3,45.13,9.35,0.95,35.68,26.28,47.1,5.06
2023-04-27,88.87,106.7,42.12,10.34,1.112,33.9,26.62,50.0,5.62
2023-04-28,79.65,95.49,42.68,9.85,0.883,33.12,22.06,45.5,3.87
2023-04-29,100.5,121.59,46.24,14.93,1.169,33.49,27.09,43.8,3.77
2023-04-30,97.22,115.96,51.13,16.28,1.132,21.75,24.06,43.7,4.77
2023-05-01,94.88,111.13,44.35,12.53,0.902,29.89,23.56,37.4,2.52
2023-05-02,81.11,95.11,38.13,11.72,0.938,35.25,22.33,40.6,4.41
2023-05-03,99.44,119.17,45.47,13.11,1.217,30.93,21.96,53.5,4.79
2023-05-04,76.83,90.11,41.92,14.17,0.886,23.82,22.67,35.4,4.93
2023-05-05,92.56,107.78,43.39,10.77,1.016,30.68,23.8,53.6,1.78
2023-05-06,107.71,129.83,47.13,13.86,1.185,39.52,28.96,40.3,3.18
2023-05-07,82.08,97.44,37.01,14.05,1.089,36.93,23.83,52.1,3.03
2023-05-08,82.78,105.56,37.38,13.14,0.989,30.32,25.07,33.3,4.19
2023-05-09,87.91,93.84,34.96,12.77,0.98,35.35,25.34,47.5,4.64
2023-05-10,82.88,103.98,49.47,14.15,1.157,28.66,24.63,38.5,5.85
2023-05-11,74.3,93.79,32.36,6.31,1.145,21.86,24.04,34.0,3.45
2023-05-12,87.04,95.43,38.3,13.71,1.133,25.74,21.62,45.8,3.44
2023-05-13,80.28,94.96,36.48,10.71,1.01,38.08,26.74,51.6,5.41
2023-05-14,92.35,109.1,47.56,8.96,0.981,28.86,27.27,38.9,4.38
2023-05-15,78.48,88.65,38.14,12.95,0.909,28.91,20.11,34.6,5.54
2023-05-16,98.01,113.79,50.74,15.65,1.142,28.57,21.24,44.8,4.36
2023-05-17,79.11,90.54,36.41,11.68,1.037,39.51,22.54,45.1,2.62
2023-05-18,82.56,106.31,42.03,14.03,1.153,38.05,20.98,49.9,2.41
2023-05-19,91.4,113.96,38.67,15.79,1.122,40.93,23.74,53.0,2.14
2023-05-20,77.3,97.68,50.05,14.5,0.836,29.0,21.08,46.2,4.8
2023-05-21,88.72,109.67,36.24,15.72,1.149,31.16,26.67,60.0,5.43
2023-05-22,94.61,108.19,45.2,14.21,0.973,22.0,24.53,48.9,6.22
2023-05-23,71.03,83.38,40.93,11.7,0.917,37.01,22.38,45.2,5.01
2023-05-24,85.11,104.21,43.35,9.05,1.051,23.64,23.81,36.6,5.4
2023-05-25,85.45,97.32,40.44,11.78,1.227,30.49,23.77,46.4,3.3
2023-05-26,89.36,110.41,41.69,10.78,1.358,23.81,20.23,46.2,2.61
2023-05-27,75.43,89.61,39.08,16.11,1.038,26.4,19.53,55.6,5.02
2023-05-28,74.49,87.99,37.89,11.37,0.954,25.1,21.12,52.5,4.51
2023-05-29,86.45,106.82,46.43,12.57,1.086,26.06,22.49,41.3,4.14
2023-05-30,84.37,103.12,52.15,13.32,1.111,26.36,20.84,51.1,4.48
2023-05-31,83.72,98.95,38.14,12.27,0.987,26.25,17.21,54.9,4.4
2023-06-01,84.2,105.92,34.2,15.6,1.201,33.08,18.55,61.3,5.56
2023-06-02,75.7,86.74,38.48,10.54,1.001,23.44,19.81,57.1,5.58
2023-06-03,85.2,104.86,54.2,12.65,1.076,29.86,19.6,56.6,4.68
2023-06-04,85.39,105.0,37.33,10.78,1.094,34.78,23.49,52.0,5.05
2023-06-05,74.53,88.29,46.83,9.09,1.015,26.23,16.57,54.6,4.66
2023-06-06,94.87,115.4,52.11,11.52,1.158,24.8,20.15,61.0,3.5
2023-06-07,83.43,94.9,38.09,12.1,0.955,27.36,21.91,43.3,4.97
2023-06-08,69.81,86.99,40.3,10.63,0.893,34.6,23.27,50.5,2.4
2023-06-09,84.28,100.36,49.21,10.83,0.911,29.34,17.71,47.9,5.34
2023-06-10,73.42,86.19,36.46,8.86,1.011,25.86,19.29,56.3,2.65
2023-06-11,87.2,109.22,40.78,12.19,1.114,30.59,19.24,62.6,4.44
2023-06-12,87.36,101.76,38.93,9.36,1.083,22.59,18.29,50.1,3.09
2023-06-13,71.21,80.44,32.73,13.08,1.123,31.8,17.49,37.9,4.78
2023-06-14,85.16,95.57,38.04,12.42,1.025,30.06,18.36,52.1,4.09
2023-06-15,80.44,98.96,33.99,9.11,1.069,26.53,12.21,61.7,2.23
2023-06-16,83.39,94.73,41.02,11.55,0.908,23.74,18.44,59.5,4.66
2023-06-17,94.16,121.26,39.69,11.2,1.032,23.16,17.12,59.0,3.48
2023-06-18,76.7,84.06,40.34,12.47,1.053,30.66,16.22,54.4,5.24
2023-06-19,69.81,89.69,29.67,14.17,1.034,34.26,20.55,47.8,4.2
2023-06-20,68.39,82.79,38.75,7.67,0.913,24.92,14.9,60.7,4.69
2023-06-21,68.66,82.05,41.33,11.66,0.936,30.34,15.24,51.6,3.08
2023-06-22,74.23,87.06,28.59,11.39,0.819,17.4,19.83,73.0,3.54
2023-06-23,77.25,94.24,41.18,13.21,0.951,24.77,13.98,62.1,3.71
2023-06-24,78.9,94.53,45.86,12.37,1.084,27.44,14.34,54.4,5.31
2023-06-25,82.97,104.15,34.7,10.64,1.072,22.86,14.94,54.5,6.31
2023-06-26,73.63,88.77,46.77,11.04,1.018,22.97,16.72,58.5,3.35
2023-06-27,84.82,102.42,43.3,10.65,1.029,23.9,15.25,57.8,5.63
2023-06-28,70.74,83.6,34.16,13.69,0.954,29.12,12.05,67.6,1.75
2023-06-29,94.28,112.87,43.29,12.76,1.005,25.88,13.38,61.4,2.94
2023-06-30,77.19,93.82,42.09,15.66,1.056,16.15,13.03,55.3,3.25
2023-07-01,67.49,75.22,37.25,11.25,0.98,17.03,13.89,74.0,2.8
2023-07-02,65.45,74.13,39.06,9.86,0.976,24.63,14.7,61.4,2.54
2023-07-03,75.04,92.84,34.16,8.72,0.923,29.57,14.5,66.8,4.96
2023-07-04,69.06,83.46,38.11,7.85,0.73,13.72,9.92,57.5,4.23
2023-07-05,76.22,90.77,31.99,8.64,1.091,24.65,15.4,64.6,4.96
2023-07-06,73.96,88.82,37.93,12.23,0.922,24.56,13.59,64.6,5.36
2023-07-07,69.26,84.32,32.8,12.48,0.86,34.27,15.67,49.5,4.87
2023-07-08,65.24,76.52,32.63,8.1,0.996,25.53,13.6,77.1,5.37
2023-07-09,59.56,69.15,41.07,12.77,0.859,29.56,14.73,72.4,4.52
2023-07-10,65.27,78.97,41.78,10.3,1.032,28.09,13.28,60.9,3.2
2023-07-11,75.37,86.75,41.89,12.06,1.039,16.28,14.86,56.2,5.92
2023-07-12,69.9,85.31,32.01,14.72,1.018,30.97,13.03,66.7,3.97
2023-07-13,57.89,64.54,32.89,12.69,0.753,28.67,11.61,65.2,3.58
2023-07-14,68.91,86.24,43.29,10.91,1.066,29.64,16.18,67.4,4.52
2023-07-15,72.79,89.06,38.9,9.86,0.99,46.53,13.24,66.5,3.66
2023-07-16,62.31,75.57,47.17,6.81,0.875,16.9,12.43,69.0,4.28
2023-07-17,67.78,84.67,38.91,9.95,0.953,35.68,8.56,75.9,5.22
2023-07-18,66.7,85.59,37.63,10.91,0.756,25.64,8.37,70.0,5.26
2023-07-19,56.77,71.0,32.65,8.86,0.925,28.92,11.37,59.0,3.79
2023-07-20,68.46,75.85,37.78,11.16,0.839,26.72,10.91,76.2,4.31
2023-07-21,69.76,79.25,36.68,11.64,0.814,24.74,9.23,78.4,6.21
2023-07-22,76.13,88.97,42.57,11.36,0.828,23.7,10.58,89.2,5.55
2023-07-23,75.58,90.79,43.68,10.48,1.089,28.19,13.32,59.6,7.47
2023-07-24,53.32,65.36,29.4,11.0,0.804,19.96,11.37,69.4,6.43
2023-07-25,56.53,65.78,27.48,11.71,1.036,31.13,7.55,53.4,6.42
2023-07-26,67.84,82.05,27.78,9.21,0.886,24.75,9.46,72.1,3.41
2023-07-27,67.53,78.49,39.42,14.2,0.767,21.17,7.92,64.7,6.02
2023-07-28,67.24,78.63,31.29,11.16,0.825,24.57,8.61,82.2,5.07
2023-07-29,96.14,108.61,33.27,12.84,1.204,31.71,8.42,63.6,4.5
2023-07-30,69.59,80.3,39.34,12.9,0.932,23.99,8.15,57.4,5.4
2023-07-31,71.32,80.76,50.29,12.03,0.902,28.36,6.46,66.2,6.36
2023-08-01,69.57,80.09,37.36,13.38,0.964,22.98,8.58,55.9,5.86
2023-08-02,66.87,83.76,40.91,11.92,0.985,30.54,7.58,75.2,4.24
2023-08-03,58.85,67.82,35.12,9.72,1.006,30.56,2.71,55.7,6.22
2023-08-04,67.16,89.43,36.3,12.08,1.081,35.96,12.55,70.6,4.59
2023-08-05,57.13,69.96,38.88,8.57,0.85,26.32,10.5,56.1,5.65
2023-08-06,61.14,73.94,33.83,11.27,0.773,30.33,7.45,68.6,5.06
2023-08-07,56.38,65.24,35.43,10.75,0.841,27.71,8.12,82.5,5.19
2023-08-08,60.65,74.91,36.77,10.62,0.929,33.48,5.63,73.8,6.41
2023-08-09,78.25,91.65,36.22,11.66,0.895,22.52,11.25,65.4,4.27
2023-08-10,44.54,53.72,36.09,6.46,0.727,31.51,11.54,71.4,7.89
2023-08-11,64.71,85.93,35.3,10.14,0.958,25.8,7.96,71.9,3.4
2023-08-12,48.56,58.04,28.36,10.61,0.838,27.26,9.59,75.3,4.91
2023-08-13,57.44,72.23,37.04,11.19,0.89,27.59,7.79,62.6,6.1
2023-08-14,67.18,78.26,32.3,9.3,0.86,27.9,4.67,76.5,6.39
2023-08-15,58.75,70.39,34.83,13.47,0.871,26.48,6.43,53.6,5.6
2023-08-16,49.37,63.62,32.3,8.74,0.754,28.6,7.42,68.3,5.69
2023-08-17,52.04,60.82,38.44,12.54,0.949,35.29,6.16,69.4,6.29
2023-08-18,62.97,81.27,38.12,12.0,1.018,31.78,6.55,77.4,5.55
2023-08-19,53.97,66.67,33.37,9.41,0.685,31.65,6.73,73.3,7.53
2023-08-20,61.32,71.86,39.42,14.62,0.814,24.66,6.67,63.4,6.9
2023-08-21,57.24,70.5,41.26,8.47,0.737,22.7,6.86,66.5,6.98
2023-08-22,51.45,64.24,35.65,12.41,0.792,32.22,4.57,74.9,4.81
2023-08-23,73.61,90.62,38.45,13.68,0.96,30.73,5.19,73.1,5.9
2023-08-24,61.33,68.78,28.77,9.73,0.762,34.33,3.99,69.7,5.67
2023-08-25,39.86,46.38,24.64,12.78,0.707,25.01,8.45,70.5,4.86
2023-08-26,59.86,71.09,33.44,10.49,0.799,25.9,2.23,78.9,6.54
2023-08-27,52.89,63.27,30.17,11.22,0.885,19.2,8.69,70.5,5.49
2023-08-28,62.32,76.72,34.64,11.64,0.919,24.99,9.11,73.6,6.96
2023-08-29,48.98,59.21,32.53,10.18,0.773,32.59,5.68,89.5,4.92
2023-08-30,54.23,61.46,36.21,12.33,0.889,25.03,1.04,64.4,8.3
2023-08-31,59.02,71.95,34.4,12.54,0.84,30.35,5.48,61.5,5.2
2023-09-01,61.75,75.98,37.87,7.59,0.882,26.07,6.04,80.0,6.57
2023-09-02,47.56,58.4,32.21,12.99,1.005,29.34,4.11,69.9,7.29
2023-09-03,54.34,68.14,23.71,7.39,1.006,21.67,5.08,72.5,5.69
2023-09-04,50.57,62.79,27.94,12.59,0.723,28.03,9.14,69.3,7.43
2023-09-05,49.0,59.92,31.53,12.7,0.928,12.74,7.39,73.0,4.97
2023-09-06,68.21,81.62,31.0,9.23,1.022,25.87,4.19,86.0,8.22
2023-09-07,57.2,63.89,37.3,10.04,0.771,19.19,2.83,80.5,6.53
2023-09-08,43.75,53.44,38.59,7.98,0.901,34.01,5.36,81.0,5.83
2023-09-09,63.56,76.93,41.98,10.75,1.072,30.97,5.58,65.0,6.22
2023-09-10,73.08,88.69,37.2,11.04,0.853,29.01,6.99,66.9,7.58
2023-09-11,61.75,70.16,42.89,12.65,0.817,34.82,4.93,55.1,5.94
2023-09-12,41.23,47.25,31.05,12.68,0.908,23.41,7.03,69.3,5.78
2023-09-13,49.42,61.9,30.67,13.26,0.874,36.54,9.88,81.7,6.44
2023-09-14,63.34,75.88,32.77,10.04,0.972,31.88,7.65,78.6,5.33
2023-09-15,47.45,58.56,30.35,9.95,0.871,26.75,5.94,73.4,8.96
2023-09-16,59.09,70.99,32.83,7.59,0.934,33.13,5.68,74.8,6.12
2023-09-17,61.66,74.08,36.27,9.47,0.776,21.84,5.36,70.1,7.83
2023-09-18,45.48,56.7,32.17,12.2,0.932,23.96,8.45,76.4,7.12
2023-09-19,52.35,61.47,33.1,13.85,0.979,24.77,4.87,80.3,5.72
2023-09-20,26.84,32.34,28.9,6.87,0.711,26.25,6.24,63.6,6.92
2023-09-21,44.53,52.4,37.08,9.04,0.818,22.9,6.29,76.9,7.9
2023-09-22,50.65,59.69,37.41,10.48,0.7,34.08,5.22,81.3,6.76
2023-09-23,45.15,53.49,23.86,10.82,0.877,26.91,3.52,71.8,8.45
2023-09-24,68.16,82.55,24.27,9.79,0.998,29.09,6.96,79.6,8.27
2023-09-25,41.13,48.38,34.95,10.9,0.799,25.56,6.24,94.3,8.18
2023-09-26,49.03,61.92,25.42,9.5,0.958,19.03,7.41,73.8,6.55
2023-09-27,53.58,61.9,32.27,10.65,0.835,29.34,5.4,77.2,5.84
2023-09-28,64.06,76.27,30.16,12.3,0.977,18.07,8.97,69.2,6.43
2023-09-29,41.04,48.34,21.25,10.06,0.703,28.16,4.83,75.5,7.42
2023-09-30,64.33,81.85,38.79,10.34,0.919,20.85,10.08,77.4,7.87
2023-10-01,55.11,66.68,37.57,10.54,0.858,38.0,3.23,75.4,4.64
2023-10-02,44.69,55.94,28.29,10.06,0.846,33.01,7.66,66.8,7.26
2023-10-03,56.26,63.34,21.11,10.07,0.844,28.62,7.82,75.3,7.49
2023-10-04,54.18,65.74,30.81,10.19,0.858,34.51,5.36,84.0,6.99
2023-10-05,47.82,59.51,33.91,13.59,0.922,24.21,7.88,76.8,8.9
2023-10-06,53.22,64.08,25.91,11.78,0.822,31.01,9.67,80.2,7.88
2023-10-07,52.12,65.32,33.95,10.02,0.7,29.36,2.77,71.7,8.97
2023-10-08,56.16,65.94,33.96,12.2,1.056,29.6,8.3,78.5,7.16
2023-10-09,58.11,73.82,37.42,10.24,1.029,34.62,2.4,75.0,8.57
2023-10-10,65.56,86.2,36.99,13.62,0.799,31.74,5.56,66.3,9.43
2023-10-11,43.03,50.86,25.89,10.89,0.884,30.21,10.85,75.0,9.07
2023-10-12,70.07,82.53,43.5,11.29,0.9,19.77,6.53,65.7,6.21
2023-10-13,37.47,47.69,28.57,10.77,0.814,24.18,5.45,68.0,7.23
2023-10-14,54.46,69.65,33.48,7.58,0.902,27.95,7.52,73.6,7.15
2023-10-15,60.47,70.98,30.45,8.77,0.879,28.91,12.16,74.2,8.17
2023-10-16,55.6,65.56,31.68,8.39,0.8,22.96,4.48,63.6,8.43
2023-10-17,48.48,57.49,27.7,10.71,0.773,40.88,6.16,79.1,6.62
2023-10-18,51.9,58.79,32.11,14.06,0.768,36.36,11.38,75.5,7.72
2023-10-19,49.73,57.4,40.99,14.95,0.765,31.88,12.22,66.4,5.24
2023-10-20,49.08,56.43,25.41,11.73,0.839,29.28,8.43,60.4,9.41
2023-10-21,63.22,73.43,27.74,12.16,0.845,27.6,6.29,69.9,7.08
2023-10-22,59.41,71.18,42.21,7.37,0.965,24.03,13.09,67.6,7.78
2023-10-23,48.64,58.94,31.11,9.35,0.992,29.43,12.23,71.3,7.36
2023-10-24,61.52,78.6,32.04,9.5,0.85,30.13,10.53,67.7,9.13
2023-10-25,56.93,65.48,39.43,9.6,0.909,22.77,7.69,56.0,4.36
2023-10-26,61.13,76.36,32.25,10.72,0.956,30.62,9.36,67.1,7.76
2023-10-27,59.82,71.14,44.08,10.05,0.946,28.24,9.29,67.5,7.67
2023-10-28,50.81,60.85,36.09,6.58,0.862,19.67,10.42,73.8,7.27
2023-10-29,53.13,65.55,30.84,12.15,0.94,24.92,12.81,64.2,9.9
2023-10-30,61.26,70.08,46.1,8.92,0.955,27.08,11.82,80.6,6.78
2023-10-31,60.34,73.57,32.06,11.5,0.778,38.65,8.06,55.2,8.78
2023-11-01,55.48,67.03,37.58,14.92,0.964,32.1,13.13,77.5,8.3
2023-11-02,56.77,69.52,35.69,9.0,0.973,22.67,11.16,66.5,9.39
2023-11-03,66.25,80.45,43.07,6.25,0.855,31.73,12.07,73.9,7.09
2023-11-04,53.99,71.42,41.31,10.13,0.874,21.74,13.8,68.1,7.02
2023-11-05,63.3,73.95,35.99,13.37,0.985,34.85,8.81,75.3,9.23
2023-11-06,55.02,64.56,29.99,14.67,0.854,27.2,11.13,64.3,8.43
2023-11-07,55.11,64.41,36.08,8.3,0.983,29.14,10.31,59.1,6.08
2023-11-08,65.86,77.2,33.08,12.29,1.166,36.21,8.41,76.4,7.29
2023-11-09,63.89,74.63,46.04,10.26,0.841,23.21,12.41,65.4,8.41
2023-11-10,64.02,80.63,36.69,10.99,0.782,22.72,16.92,67.5,8.96
2023-11-11,70.69,89.85,35.85,16.82,0.984,26.82,8.39,74.3,7.15
2023-11-12,60.65,71.05,36.09,8.03,0.975,35.02,12.19,58.1,4.47
2023-11-13,63.68,73.76,29.18,11.69,0.895,22.27,13.72,69.2,8.6
2023-11-14,55.99,68.5,29.14,11.73,1.025,15.77,12.87,60.6,6.52
2023-11-15,61.31,71.88,41.33,13.24,0.773,27.72,12.58,63.5,5.56
2023-11-16,57.93,71.35,31.2,11.09,0.959,32.79,10.4,64.6,4.59
2023-11-17,60.0,72.61,29.77,11.62,0.839,36.09,13.65,53.3,8.97
2023-11-18,66.75,75.04,39.37,10.55,1.106,27.83,11.86,58.0,8.15
2023-11-19,55.71,71.16,39.86,11.32,1.078,28.12,9.18,72.6,7.73
2023-11-20,76.76,99.01,42.79,11.15,0.907,36.07,16.15,69.1,9.67
2023-11-21,52.25,61.1,38.04,11.86,0.806,20.9,15.87,62.1,8.76
2023-11-22,50.86,60.05,28.93,9.8,0.94,28.35,14.25,63.9,9.94
2023-11-23,70.12,85.15,30.42,12.26,0.912,31.41,14.8,59.9,6.33
2023-11-24,67.47,82.09,44.37,11.32,0.933,32.75,16.69,71.1,7.96
2023-11-25,68.92,84.97,35.62,13.7,0.947,28.02,15.19,59.9,6.06
2023-11-26,69.24,90.05,36.06,11.36,0.754,30.8,16.74,62.6,7.72
2023-11-27,61.91,73.75,42.12,7.55,0.908,18.17,14.54,68.6,7.69
2023-11-28,55.13,63.96,36.56,13.28,0.807,27.3,17.96,54.8,8.74
2023-11-29,63.22,71.5,38.08,9.35,0.867,33.0,16.18,70.9,8.04
2023-11-30,57.5,66.9,45.2,9.57,1.032,25.8,16.13,48.9,8.73
2023-12-01,71.02,85.11,34.54,10.36,0.829,31.24,13.4,70.7,8.82
2023-12-02,64.86,83.65,40.85,13.99,1.006,33.15,16.72,56.3,10.56
2023-12-03,59.74,70.14,35.22,6.72,0.871,29.18,14.69,56.9,7.59
2023-12-04,61.59,74.6,36.74,17.36,0.88,31.82,15.28,45.0,6.83
2023-12-05,67.78,81.28,44.59,13.5,1.018,26.31,15.13,54.7,8.25
2023-12-06,60.29,75.93,37.61,11.46,0.935,30.01,14.84,50.3,6.98
2023-12-07,58.55,77.65,37.33,10.82,0.95,34.12,21.42,53.0,9.71
2023-12-08,67.4,79.09,42.21,11.94,1.034,32.06,20.04,55.9,7.59
2023-12-09,70.24,82.57,35.73,12.55,0.918,28.46,21.43,63.3,7.24
2023-12-10,64.55,80.83,31.94,12.52,0.862,32.45,15.35,57.7,7.34
2023-12-11,62.67,77.34,30.44,12.24,0.805,34.91,18.14,58.0,8.76
2023-12-12,68.63,88.69,27.33,11.61,0.861,21.27,15.62,47.8,7.7
2023-12-13,55.53,68.25,44.16,10.38,1.173,37.07,17.02,49.0,7.1
2023-12-14,56.19,66.42,28.53,10.51,1.005,29.65,16.78,67.4,9.86
2023-12-15,62.04,76.28,34.4,10.71,0.775,33.64,21.3,49.3,6.82
2023-12-16,68.92,86.53,35.85,13.71,0.812,37.72,18.24,65.7,7.88
2023-12-17,73.46,91.17,39.9,12.86,1.015,25.04,21.37,52.1,8.6
2023-12-18,80.62,98.79,44.23,6.15,1.058,28.6,20.65,53.5,5.85
2023-12-19,76.02,95.28,43.31,13.11,1.035,30.64,24.25,60.6,8.37
2023-12-20,68.23,85.87,34.14,11.8,0.916,28.0,16.89,61.7,6.51
2023-12-21,69.71,88.46,36.59,11.45,0.936,40.68,22.57,51.6,8.75
2023-12-22,62.19,76.64,36.96,10.33,0.944,27.55,22.55,49.4,6.59
2023-12-23,72.91,86.88,36.98,13.89,0.973,29.42,18.51,51.4,8.56
2023-12-24,71.1,85.84,45.81,13.45,0.734,33.22,22.68,53.8,9.04
2023-12-25,73.84,93.06,40.92,10.15,0.946,26.32,21.54,57.3,8.72
2023-12-26,64.99,75.34,39.92,12.06,0.84,30.11,20.61,50.8,7.97
2023-12-27,76.12,92.75,42.34,9.86,0.998,34.09,19.62,54.7,7.38
2023-12-28,84.58,99.83,47.01,9.47,1.321,31.17,20.02,61.5,6.94
2023-12-29,71.8,86.26,38.85,10.34,0.996,31.98,25.76,52.4,9.38
2023-12-30,78.74,99.52,33.2,13.66,0.962,30.09,21.86,51.6,6.75
2023-12-31,81.4,98.46,42.35,13.98,1.099,25.31,23.61,38.4,6.33
2024-01-01,70.52,84.79,34.37,12.55,1.001,34.14,20.66,30.3,8.35
2024-01-02,75.88,85.89,36.33,13.24,1.021,41.55,20.88,51.1,6.57
2024-01-03,74.54,92.23,41.57,12.76,1.033,32.86,24.79,47.4,6.37
2024-01-04,75.57,93.12,45.08,10.5,1.184,33.98,20.12,44.2,5.75
2024-01-05,68.96,90.21,37.35,12.31,0.832,36.1,22.18,49.2,6.88
2024-01-06,78.19,92.63,41.09,13.51,1.038,26.69,23.26,46.7,7.34
2024-01-07,82.33,99.7,49.09,13.63,0.919,41.75,23.6,54.7,7.7
2024-01-08,87.81,106.46,43.16,14.77,1.095,34.51,23.2,47.1,8.53
2024-01-09,84.22,107.71,54.06,13.63,0.929,41.56,24.54,41.0,7.99
2024-01-10,94.12,112.5,46.36,13.41,1.029,30.18,25.31,52.8,7.11
2024-01-11,71.1,86.32,28.97,13.7,0.926,42.03,25.57,44.1,7.07
2024-01-12,84.57,104.05,44.91,12.18,1.12,37.42,22.31,49.0,7.9
2024-01-13,81.9,99.05,42.38,10.33,1.101,36.23,23.89,41.6,8.78
2024-01-14,98.3,115.76,51.02,12.59,0.967,35.37,27.02,40.1,7.38
2024-01-15,72.16,87.29,41.41,10.12,0.966,31.88,26.59,45.0,6.64
2024-01-16,72.25,90.57,37.37,10.26,0.89,39.16,22.22,44.2,5.98
2024-01-17,74.51,85.59,32.51,11.44,0.847,33.98,25.84,47.2,5.41
2024-01-18,62.65,75.6,34.62,9.55,0.892,22.95,21.35,41.6,7.92
2024-01-19,75.77,88.27,34.69,11.17,0.948,27.81,25.56,30.4,7.78
2024-01-20,76.74,96.67,36.28,8.05,1.226,32.54,29.42,39.9,7.75
2024-01-21,84.35,94.79,44.03,12.64,1.065,35.39,23.89,48.3,6.88
2024-01-22,83.71,98.11,49.28,12.19,0.881,33.56,24.27,40.3,8.69
2024-01-23,96.31,117.39,46.05,11.18,1.025,40.55,27.62,40.4,6.39
2024-01-24,89.23,114.06,36.33,13.78,1.148,24.4,23.16,48.8,8.09
2024-01-25,77.34,92.55,41.56,13.74,1.196,34.34,25.13,36.7,6.87
2024-01-26,75.09,88.02,44.75,8.54,0.817,24.45,27.73,30.6,6.15
2024-01-27,89.03,115.21,39.21,10.93,0.857,38.02,25.42,40.0,7.56
2024-01-28,74.85,84.4,38.04,10.2,1.161,33.1,26.35,37.5,7.31
2024-01-29,97.87,106.69,44.54,11.01,1.128,36.79,28.45,33.9,7.22
2024-01-30,92.97,113.6,39.32,14.31,0.978,30.16,27.94,39.2,6.85
2024-01-31,80.08,94.09,43.26,11.62,1.054,40.28,27.77,43.6,6.68
2024-02-01,70.44,80.93,37.0,10.99,0.689,38.63,26.69,39.9,9.56
2024-02-02,95.27,117.7,45.92,8.76,1.077,37.57,28.23,41.9,8.08
2024-02-03,86.32,104.64,37.14,13.59,1.064,33.58,27.37,52.2,7.49
2024-02-04,97.44,114.18,42.17,10.39,1.18,37.69,28.65,36.9,6.73
2024-02-05,72.57,82.44,41.75,11.75,0.861,30.04,26.86,41.0,7.77
2024-02-06,80.82,100.51,38.34,12.6,1.013,38.27,27.61,35.3,7.15
2024-02-07,85.94,105.92,50.12,15.02,0.937,42.51,26.11,32.7,6.53
2024-02-08,86.56,103.44,39.64,9.71,1.058,39.65,28.13,34.4,6.1
2024-02-09,82.86,107.08,41.84,6.1,0.925,30.48,26.68,34.9,6.33
2024-02-10,94.21,108.01,48.22,13.08,1.03,36.5,26.18,40.6,2.59
2024-02-11,80.96,90.97,33.15,15.65,0.905,27.57,29.03,54.4,6.61
2024-02-12,86.13,100.37,32.73,14.78,1.096,37.16,29.03,32.7,5.74
2024-02-13,88.49,105.98,34.49,12.84,1.128,36.68,30.27,34.6,8.2
2024-02-14,91.9,111.4,49.29,11.61,1.036,25.25,27.93,37.0,6.28
2024-02-15,93.73,111.34,40.67,14.3,1.072,28.88,29.7,40.0,4.8
2024-02-16,79.29,96.54,52.61,10.02,0.852,32.55,30.07,38.9,6.13
2024-02-17,78.76,89.58,36.87,12.89,0.964,32.43,29.94,45.9,4.9
2024-02-18,101.49,129.12,46.3,14.09,1.102,29.02,27.48,19.8,6.69
2024-02-19,91.67,109.62,50.63,14.7,1.32,36.52,29.5,19.9,6.44
2024-02-20,83.25,104.55,50.84,17.68,0.905,35.4,30.01,33.0,7.2
2024-02-21,101.87,123.99,55.78,13.88,1.256,34.09,29.36,44.1,5.07
2024-02-22,90.61,110.8,48.69,11.51,1.153,30.72,25.24,25.3,6.02
2024-02-23,99.34,122.04,49.96,12.92,1.125,40.16,29.8,15.1,4.31
2024-02-24,93.16,113.87,46.25,9.12,1.242,42.87,33.96,40.0,6.76
2024-02-25,109.31,134.69,51.22,12.08,1.184,32.96,28.87,37.6,6.5
2024-02-26,104.57,132.44,43.39,12.41,1.162,32.07,28.18,28.2,6.44
2024-02-27,88.74,107.35,38.09,11.39,1.038,36.79,30.44,28.8,5.81
2024-02-28,98.69,121.93,44.66,13.24,1.216,33.01,30.36,28.9,6.27
2024-02-29,96.27,115.09,43.22,11.17,1.191,33.97,32.16,36.3,7.67
2024-03-01,102.24,130.05,43.29,15.35,1.049,38.63,27.3,31.1,5.37
2024-03-02,86.25,100.58,45.04,12.31,0.899,24.6,31.31,38.9,5.84
2024-03-03,99.63,128.53,49.68,12.96,1.078,41.35,31.06,15.4,4.34
2024-03-04,100.28,120.13,45.51,12.36,1.021,35.13,29.62,29.3,4.56
2024-03-05,77.9,87.91,46.86,12.21,0.983,31.62,30.61,27.3,5.69
2024-03-06,82.66,99.73,34.96,13.78,1.137,33.44,32.01,33.4,6.86
2024-03-07,75.97,88.57,38.02,10.06,0.934,33.36,31.71,31.4,5.2
2024-03-08,90.27,112.12,38.98,11.2,1.047,25.53,27.7,40.7,5.19
2024-03-09,100.81,117.68,35.87,12.43,1.11,42.11,31.63,22.1,4.95
2024-03-10,107.22,126.27,46.39,10.67,1.221,35.1,29.87,35.4,4.76
2024-03-11,93.43,103.28,42.75,11.03,0.842,36.45,30.15,38.9,5.73
2024-03-12,105.99,124.79,54.06,12.35,1.069,39.52,30.15,48.0,3.54
2024-03-13,82.03,88.5,43.66,13.85,1.031,28.55,29.69,31.6,6.85
2024-03-14,79.56,89.17,34.77,12.5,1.118,35.88,32.37,37.3,4.48
2024-03-15,92.85,114.95,52.48,13.03,1.015,32.72,29.81,22.4,6.11
2024-03-16,98.97,122.65,50.85,14.65,0.907,38.52,27.72,18.3,3.69
2024-03-17,95.73,116.91,46.84,12.51,1.141,23.47,29.15,40.9,5.98
2024-03-18,77.04,88.73,38.13,12.63,0.922,32.77,30.28,35.0,5.96
2024-03-19,92.95,111.32,38.44,12.44,0.946,30.89,32.35,43.3,5.58
2024-03-20,83.31,99.96,38.97,12.7,0.954,35.62,31.07,25.5,3.89
2024-03-21,99.17,113.27,50.24,11.79,1.077,36.42,28.13,38.8,5.36
2024-03-22,96.82,123.46,53.63,7.96,1.024,30.38,34.77,48.3,3.61
2024-03-23,88.93,110.61,49.95,12.18,0.824,30.0,30.28,38.2,4.69
2024-03-24,92.39,109.85,40.65,15.46,1.152,33.09,32.26,37.2,6.2
2024-03-25,85.58,102.81,35.8,14.13,1.155,28.85,29.36,35.4,5.89
2024-03-26,93.59,113.28,44.1,14.61,1.133,37.8,30.68,24.4,4.93
2024-03-27,101.77,111.74,36.6,15.56,0.995,32.01,31.24,45.0,3.71
2024-03-28,86.28,102.46,43.18,12.49,1.011,18.68,31.94,31.3,5.63
2024-03-29,98.22,114.51,43.82,13.31,1.09,31.73,31.56,39.2,4.85
2024-03-30,92.46,106.33,40.79,11.39,1.122,28.15,31.12,24.8,2.01
2024-03-31,90.38,107.18,34.62,11.89,1.119,25.05,28.68,27.6,5.71
2024-04-01,93.37,120.44,45.91,13.9,0.993,27.07,28.1,46.0,4.71
2024-04-02,85.95,105.89,38.82,14.71,1.038,33.49,29.83,33.7,6.16
2024-04-03,89.8,105.19,36.6,12.21,1.095,39.66,30.96,46.4,3.38
2024-04-04,84.63,103.98,26.8,11.33,1.169,34.36,28.57,35.8,0.85
2024-04-05,109.92,139.59,47.34,13.5,1.22,30.52,31.06,23.6,4.97
2024-04-06,96.96,120.84,53.1,14.05,1.164,35.35,31.75,42.8,4.96
2024-04-07,91.05,109.54,51.07,9.66,1.064,30.53,26.92,32.6,2.56
2024-04-08,95.83,111.9,41.67,8.2,1.22,29.43,26.98,41.8,3.39
2024-04-09,93.18,115.07,40.28,11.56,1.107,26.99,28.28,37.2,7.85
2024-04-10,92.26,112.53,45.41,10.17,0.975,23.91,29.08,26.4,4.15
2024-04-11,98.89,123.1,39.73,11.93,1.235,30.84,27.31,38.5,5.37
2024-04-12,99.98,123.16,46.51,12.7,1.17,33.54,30.96,52.9,3.69
2024-04-13,92.12,115.38,46.86,11.7,1.016,31.99,28.99,41.1,1.94
2024-04-14,91.69,107.57,49.06,15.49,1.01,30.31,28.11,37.4,4.22
2024-04-15,91.52,115.85,42.38,13.23,1.087,27.59,25.04,45.5,4.09
2024-04-16,75.22,91.01,37.79,12.36,1.022,34.89,25.17,39.7,3.91
2024-04-17,81.43,106.17,35.97,13.32,1.027,25.36,28.24,39.8,4.23
2024-04-18,104.4,121.68,41.96,10.94,1.153,36.29,23.29,30.9,4.66
2024-04-19,106.52,137.07,45.5,15.4,1.303,27.37,29.45,40.4,4.15
2024-04-20,93.77,113.45,45.28,12.54,1.176,28.26,26.98,46.2,2.79
2024-04-21,100.27,117.05,49.63,14.35,1.12,24.75,33.65,33.3,4.87
2024-04-22,95.53,112.32,39.87,10.63,1.172,29.4,31.65,49.4,1.93
2024-04-23,117.55,139.18,56.85,10.77,1.085,37.13,26.53,39.0,1.8
2024-04-24,101.75,124.26,44.08,14.72,1.149,34.45,26.54,33.6,5.13
2024-04-25,91.64,112.37,42.8,13.33,1.239,36.5,28.6,47.0,4.83
2024-04-26,84.88,99.43,37.49,10.44,1.003,34.03,29.87,38.3,4.14
2024-04-27,82.04,98.34,28.39,10.36,0.925,25.79,23.04,45.8,2.52
2024-04-28,96.37,125.97,48.51,15.07,1.017,29.81,22.6,38.7,3.33
2024-04-29,86.04,110.68,45.19,9.92,0.921,27.33,24.77,40.6,3.85
2024-04-30,80.56,98.42,38.73,15.31,0.924,37.74,27.03,44.7,2.24
2024-05-01,86.6,104.08,41.98,10.53,0.996,25.11,26.7,43.5,3.25
2024-05-02,82.95,100.04,43.32,13.42,0.874,35.45,27.68,27.8,4.91
2024-05-03,104.93,129.13,38.42,12.59,1.126,35.62,22.98,34.2,5.83
2024-05-04,100.81,115.81,42.56,14.25,1.194,40.17,20.59,48.8,3.6
2024-05-05,93.51,111.01,47.35,11.59,0.977,28.82,26.77,41.6,5.0
2024-05-06,102.73,114.7,39.41,12.81,1.266,34.43,23.23,39.2,1.79
2024-05-07,91.31,111.4,44.3,12.65,1.108,42.1,20.68,33.6,4.86
2024-05-08,83.61,103.03,34.12,10.18,1.121,27.48,24.83,35.8,3.1
2024-05-09,102.48,120.5,47.95,14.61,1.047,22.93,25.96,29.5,4.42
2024-05-10,94.4,120.71,43.42,11.69,1.157,21.08,23.95,43.2,3.75
2024-05-11,84.08,95.74,32.94,11.75,0.911,33.92,23.1,40.1,5.63
2024-05-12,90.64,102.13,48.48,10.54,1.142,20.89,23.52,37.8,2.98
2024-05-13,82.44,99.85,36.94,7.0,1.029,28.34,22.91,44.3,4.78
2024-05-14,78.16,97.88,35.49,11.53,1.046,32.31,20.77,47.7,3.69
2024-05-15,96.4,123.8,45.1,17.65,0.964,31.0,21.86,60.1,3.83
2024-05-16,104.03,122.45,51.75,14.77,1.031,32.12,24.14,35.1,3.79
2024-05-17,77.33,96.97,34.25,11.83,1.046,31.04,23.56,54.2,2.99
2024-05-18,95.29,114.16,44.13,12.24,0.982,36.22,23.06,53.2,3.99
2024-05-19,85.33,101.66,43.48,12.31,1.073,25.01,20.54,41.2,3.93
2024-05-20,83.89,104.38,44.44,13.29,0.883,26.32,21.98,48.4,4.29
2024-05-21,82.8,102.06,41.58,9.78,1.099,25.77,17.79,44.1,4.1
2024-05-22,80.37,90.11,38.26,14.25,0.879,33.73,22.31,48.9,4.96
2024-05-23,87.41,111.34,37.71,13.8,1.092,33.97,24.61,58.5,5.11
2024-05-24,80.11,101.66,40.46,13.44,1.063,31.7,18.61,52.5,2.74
2024-05-25,91.15,106.53,37.43,13.43,0.986,35.2,20.19,52.1,5.04
2024-05-26,88.31,107.72,27.47,12.45,1.1,23.34,21.82,45.9,2.58
2024-05-27,84.03,102.91,43.19,13.55,1.046,37.54,23.47,38.8,4.71
2024-05-28,78.4,95.11,44.12,13.1,0.938,36.8,19.87,48.1,4.75
2024-05-29,80.77,94.7,28.38,11.33,0.903,32.77,19.18,58.3,1.72
2024-05-30,91.14,106.31,37.74,11.41,0.859,37.81,16.42,39.5,4.13
2024-05-31,88.82,106.47,45.3,12.64,1.079,20.57,20.36,43.2,3.46
2024-06-01,79.2,99.69,50.09,15.06,0.84,26.29,24.04,51.8,3.11
2024-06-02,87.52,107.41,41.98,9.9,1.047,25.05,20.3,44.3,5.65
2024-06-03,89.94,106.27,38.85,9.56,1.023,32.23,19.5,46.0,3.25
2024-06-04,70.28,87.05,36.66,11.84,1.019,23.61,19.98,48.9,3.08
2024-06-05,87.68,92.73,48.79,12.49,1.008,32.3,19.11,42.7,4.14
2024-06-06,77.73,97.74,36.2,12.23,0.956,35.47,17.3,45.8,4.88
2024-06-07,87.29,97.15,37.83,12.85,1.11,31.85,20.37,57.9,3.9
2024-06-08,78.81,93.14,37.29,11.49,1.028,29.89,18.97,44.1,5.48
2024-06-09,70.17,80.27,32.77,14.49,0.982,23.65,18.35,42.4,4.72
2024-06-10,68.77,78.07,37.81,8.24,0.991,24.32,16.15,49.6,1.48
2024-06-11,81.86,102.99,48.59,10.44,0.856,34.47,20.5,59.4,3.47
2024-06-12,83.24,97.94,42.42,11.96,1.092,32.02,19.02,53.3,3.45
2024-06-13,73.61,89.6,37.14,8.39,1.029,28.09,16.38,51.7,4.71
2024-06-14,85.63,102.55,39.95,11.93,0.926,25.85,19.28,55.7,1.0
2024-06-15,69.41,84.94,29.54,14.79,0.923,18.15,16.08,43.5,7.22
2024-06-16,81.85,98.53,44.88,12.13,1.005,22.56,15.3,59.5,4.81
2024-06-17,69.86,79.35,37.08,11.95,0.936,37.72,15.14,59.1,4.36
2024-06-18,74.01,92.5,37.6,9.18,1.003,21.6,12.91,53.9,5.62
2024-06-19,79.28,93.17,55.78,10.73,1.14,28.75,17.19,64.1,7.03
2024-06-20,71.68,80.44,39.41,10.83,1.067,33.0,12.38,49.5,5.28
2024-06-21,75.16,88.58,35.03,11.12,0.845,21.54,13.39,65.6,5.39
2024-06-22,88.46,112.79,39.98,14.99,1.104,28.29,11.49,59.2,4.42
2024-06-23,75.46,93.76,44.61,12.89,1.11,32.39,15.27,56.1,4.11
